苏宁易购官方旗舰店,//detail.tmall.com/item.htm?id=605258110430&skuId=4266775277497&areaId=410500&standard=1&user_id=2616970884&cat_id=2&is_b=1&rn=a8895594f83c97da7865e6828b2faeaa,Apple/苹果iPhone11,5999.00,150000.0
苏宁易购官方旗舰店,//detail.tmall.com/item.htm?id=606336930383&skuId=4309883316687&areaId=410500&standard=1&user_id=2616970884&cat_id=2&is_b=1&rn=a8895594f83c97da7865e6828b2faeaa,HUAWEIHuaweiMate30Pro5G,6399.00,49000.0
华为官方旗舰店,//detail.tmall.com/item.htm?id=589815124915&skuId=4042057565361&areaId=410500&standard=1&user_id=2838892713&cat_id=2&is_b=1&rn=a8895594f83c97da7865e6828b2faeaa,HUAWEIHUAWEIP30PRO,4488.00,14000.0
小米官方旗舰店,//detail.tmall.com/item.htm?id=600630289146&skuId=4208790576546&areaId=410500&standard=1&user_id=1714128138&cat_id=2&is_b=1&rn=a8895594f83c97da7865e6828b2faeaa,Xiaomi/小米RedmiNote84800万超清四摄高通骁龙665,1099.00,82000.0
三星官方旗舰店,//detail.tmall.com/item.htm?id=587770474543&skuId=4313218293375&areaId=410500&standard=1&user_id=370627083&cat_id=2&is_b=1&rn=a8895594f83c97da7865e6828b2faeaa,Samsung/三星GalaxyS10+SM-G9750超感观全视屏、超声波屏下指纹,5099.00,1094
华为官方旗舰店,//detail.tmall.com/item.htm?id=605867145401&skuId=4414626954161&areaId=410500&standard=1&user_id=2838892713&cat_id=2&is_b=1&rn=a8895594f83c97da7865e6828b2faeaa,HUAWEInova5z,1599.00,43000.0
vivo官方旗舰店,//detail.tmall.com/item.htm?id=604849700751&skuId=4488173891373&areaId=410500&standard=1&user_id=883737303&cat_id=2&is_b=1&rn=a8895594f83c97da7865e6828b2faeaa,vivoiQOONeo855,2298.00,22000.0
OPPO官方旗舰店,//detail.tmall.com/item.htm?id=603070922282&skuId=4420793127771&areaId=410500&standard=1&user_id=901409638&cat_id=2&is_b=1&rn=a8895594f83c97da7865e6828b2faeaa,OPPOK5,1899.00,29000.0
vivo官方旗舰店,//detail.tmall.com/item.htm?id=599251658651&skuId=4330028301107&areaId=410500&standard=1&user_id=883737303&cat_id=2&is_b=1&rn=a8895594f83c97da7865e6828b2faeaa,vivoZ5,1798.00,29000.0
荣耀官方旗舰店,//detail.tmall.com/item.htm?id=594834276618&skuId=4487745314467&areaId=410500&standard=1&user_id=1114511827&cat_id=2&is_b=1&rn=a8895594f83c97da7865e6828b2faeaa,honor/荣耀荣耀20pro,2299.00,33000.0
荣耀官方旗舰店,//detail.tmall.com/item.htm?id=608819507503&skuId=4497739222017&areaId=410500&standard=1&user_id=1114511827&cat_id=2&is_b=1&rn=a8895594f83c97da7865e6828b2faeaa,honor/荣耀荣耀V30Pro,3999.00,11000.0
小米官方旗舰店,//detail.tmall.com/item.htm?id=608384662277&skuId=4287056729082&areaId=410500&standard=1&user_id=1714128138&cat_id=2&is_b=1&rn=a8895594f83c97da7865e6828b2faeaa,Xiaomi/小米RedmiK30,1699.00,35000.0
翼天下天翼电信旗舰店,//detail.tmall.com/item.htm?id=577485989656&skuId=3814062988261&areaId=410500&standard=1&user_id=751075004&cat_id=2&is_b=1&rn=a8895594f83c97da7865e6828b2faeaa,Apple/苹果iPhoneXSMax配备A12仿生芯片.支持双卡,5799.00,4112
京合旗舰店,//detail.tmall.com/item.htm?id=605943470549&skuId=4320470601348&areaId=410500&standard=1&user_id=2088045547&cat_id=2&is_b=1&rn=a8895594f83c97da7865e6828b2faeaa,HUAWEI华为畅享10,899.00,54000.0
OPPO官方旗舰店,//detail.tmall.com/item.htm?id=602613660417&skuId=4405281055077&areaId=410500&standard=1&user_id=901409638&cat_id=2&is_b=1&rn=a8895594f83c97da7865e6828b2faeaa,OPPORenoAce,3199.00,9566
京合旗舰店,//detail.tmall.com/item.htm?id=601705180999&skuId=4499346768000&areaId=410500&standard=1&user_id=2088045547&cat_id=2&is_b=1&rn=a8895594f83c97da7865e6828b2faeaa,HUAWEI华为畅享10plus,1968.00,53000.0
中国移动官方旗舰店,//detail.tmall.com/item.htm?id=602206696207&skuId=4319658576339&areaId=410500&standard=1&user_id=1776456424&cat_id=2&is_b=1&rn=a8895594f83c97da7865e6828b2faeaa,Apple/苹果iPhone11Pro,8128.00,6525
三星官方旗舰店,//detail.tmall.com/item.htm?id=606826111503&skuId=4420229850220&areaId=410500&standard=1&user_id=370627083&cat_id=2&is_b=1&rn=a8895594f83c97da7865e6828b2faeaa,Samsung/三星GalaxyFoldSM-F9000,15998.00,138
翼天下天翼电信旗舰店,//detail.tmall.com/item.htm?id=580003475920&skuId=4444875694981&areaId=410500&standard=1&user_id=751075004&cat_id=2&is_b=1&rn=a8895594f83c97da7865e6828b2faeaa,Apple/苹果iPhoneXR,4569.00,12000.0
vivo天诚专卖店,//detail.tmall.com/item.htm?id=602618770018&skuId=4487701210531&areaId=410500&standard=1&user_id=697028616&cat_id=2&is_b=1&rn=a8895594f83c97da7865e6828b2faeaa,vivoNEX35G即将上市加购抽NEX3手机,5298.00,422
信息港数码专营店,//detail.tmall.com/item.htm?id=606209656084&skuId=4424188959782&areaId=410500&standard=1&user_id=2201438992231&cat_id=2&is_b=1&rn=a8895594f83c97da7865e6828b2faeaa,Xiaomi/小米RedmiK20Pro尊享版骁龙855Plus处理器大容量大内存,3099.00,659
博海宇通数码专营店,//detail.tmall.com/item.htm?id=583757936542&skuId=3939268509009&areaId=410500&standard=1&user_id=1963544026&cat_id=2&is_b=1&rn=a8895594f83c97da7865e6828b2faeaa,HUAWEI畅享96.26英寸珍珠屏AI长续航,848.00,10000.0
连盛数码专营店,//detail.tmall.com/item.htm?id=607390476199&skuId=4268653473895&areaId=410500&standard=1&user_id=2201415337596&cat_id=2&is_b=1&rn=a8895594f83c97da7865e6828b2faeaa,Xiaomi/小米小米9,3058.00,617
久汇数码专营店,//detail.tmall.com/item.htm?id=595788307031&skuId=4439198042829&areaId=410500&standard=1&user_id=1659902905&cat_id=2&is_b=1&rn=a8895594f83c97da7865e6828b2faeaa,HUAWEI华为畅享9e,769.00,21000.0
三际数码官方旗舰店,//detail.tmall.com/item.htm?id=576304458649&skuId=4327212026523&areaId=410500&standard=1&user_id=268451883&cat_id=2&is_b=1&rn=a8895594f83c97da7865e6828b2faeaa,honor/荣耀荣耀8X,1349.00,3294
三际数码官方旗舰店,//detail.tmall.com/item.htm?id=606494648799&skuId=4429656914015&areaId=410500&standard=1&user_id=268451883&cat_id=2&is_b=1&rn=a8895594f83c97da7865e6828b2faeaa,Xiaomi/小米小米CC9PRO,2599.00,3026
旭翼数码专营店,//detail.tmall.com/item.htm?id=601269106462&skuId=4401892134050&areaId=410500&standard=1&user_id=682299517&cat_id=2&is_b=1&rn=a8895594f83c97da7865e6828b2faeaa,HUAWEIHUAWEIMate20X(5G)5G.大屏,4099.00,283
一加创华威专卖店,//detail.tmall.com/item.htm?id=605477484596&skuId=4246808537686&areaId=410500&standard=1&user_id=2432146763&cat_id=2&is_b=1&rn=a8895594f83c97da7865e6828b2faeaa,OnePlus/一加HD1900,3199.00,3438
深蓝港数码旗舰店,//detail.tmall.com/item.htm?id=588744988537&skuId=4034648040125&areaId=410500&standard=1&user_id=2215302589&cat_id=2&is_b=1&rn=a8895594f83c97da7865e6828b2faeaa,HUAWEInova4e3200万立体美颜.让本色更出色,1799.00,5590
中国移动官方旗舰店,//detail.tmall.com/item.htm?id=598125723296&skuId=4325264876630&areaId=410500&standard=1&user_id=1776456424&cat_id=2&is_b=1&rn=a8895594f83c97da7865e6828b2faeaa,Xiaomi/小米小米CC9,2299.00,2773
vivo衡视专卖店,//detail.tmall.com/item.htm?id=609317899740&skuId=4461336355528&areaId=410500&standard=1&user_id=2074230553&cat_id=2&is_b=1&rn=a8895594f83c97da7865e6828b2faeaa,vivoX30,3298.00,12000.0
和来达数码专营店,//detail.tmall.com/item.htm?id=597343975159&skuId=4324592971297&areaId=410500&standard=1&user_id=1730436394&cat_id=2&is_b=1&rn=a8895594f83c97da7865e6828b2faeaa,HUAWEI畅享9PLUS6.5英寸全面屏1600万四摄,849.00,16000.0
魅族官方旗舰店,//detail.tmall.com/item.htm?id=606547898634&skuId=4479628590028&areaId=410500&standard=1&user_id=1695308781&cat_id=2&is_b=1&rn=a8895594f83c97da7865e6828b2faeaa,Meizu/魅族16T,2299.00,6945
创汇通达数码旗舰店,//detail.tmall.com/item.htm?id=601378225099&skuId=4379130179886&areaId=410500&standard=1&user_id=3063905773&cat_id=2&is_b=1&rn=a8895594f83c97da7865e6828b2faeaa,Xiaomi/小米小米CC9E,1399.00,1569
realme官方旗舰店,//detail.tmall.com/item.htm?id=602774989212&skuId=4248406504946&areaId=410500&standard=1&user_id=2200766936524&cat_id=2&is_b=1&rn=a8895594f83c97da7865e6828b2faeaa,realmeX2,1799.00,6554
realme官方旗舰店,//detail.tmall.com/item.htm?id=601755994066&skuId=4420306794239&areaId=410500&standard=1&user_id=2200766936524&cat_id=2&is_b=1&rn=a8895594f83c97da7865e6828b2faeaa,realmeQ,1098.00,7889
深蓝港数码旗舰店,//detail.tmall.com/item.htm?id=599288641834&skuId=4184093553625&areaId=410500&standard=1&user_id=2215302589&cat_id=2&is_b=1&rn=a8895594f83c97da7865e6828b2faeaa,honor/荣耀荣耀9XPRO,1999.00,9196
旭翼数码专营店,//detail.tmall.com/item.htm?id=600043598807&skuId=4188157928191&areaId=410500&standard=1&user_id=682299517&cat_id=2&is_b=1&rn=a8895594f83c97da7865e6828b2faeaa,Huawei/华为Mate20X7.2英寸大屏5000mAh大电池,3279.00,332
创汇通达数码旗舰店,//detail.tmall.com/item.htm?id=598805635561&skuId=4172874825063&areaId=410500&standard=1&user_id=3063905773&cat_id=2&is_b=1&rn=a8895594f83c97da7865e6828b2faeaa,HUAWEInova5,1899.00,600
美图旗舰店,//detail.tmall.com/item.htm?id=569966140756&skuId=4263071097538&areaId=410500&standard=1&user_id=1811831780&cat_id=2&is_b=1&rn=a8895594f83c97da7865e6828b2faeaa,Meitu/美图T9我的智能摄影师,999.00,2879
民讯通数码专营店,//detail.tmall.com/item.htm?id=599010449090&skuId=4177120048639&areaId=410500&standard=1&user_id=292642853&cat_id=2&is_b=1&rn=a8895594f83c97da7865e6828b2faeaa,Xiaomi/小米黑鲨游戏手机2骁龙855塔式全域液冷散热,2499.00,1673
玩风数码专营店,//detail.tmall.com/item.htm?id=595466333504&skuId=4445718831837&areaId=410500&standard=1&user_id=761647182&cat_id=2&is_b=1&rn=a8895594f83c97da7865e6828b2faeaa,Xiaomi/小米Redmi7A4000mhA大电量,538.00,20000.0
vivo衡视专卖店,//detail.tmall.com/item.htm?id=605118263785&skuId=4325173593560&areaId=410500&standard=1&user_id=2074230553&cat_id=2&is_b=1&rn=a8895594f83c97da7865e6828b2faeaa,vivoU3x,1099.00,34000.0
年年盛数码专营店,//detail.tmall.com/item.htm?id=594484088624&skuId=4498807015983&areaId=410500&standard=1&user_id=2200645849853&cat_id=2&is_b=1&rn=a8895594f83c97da7865e6828b2faeaa,nubia/努比亚NX629J,3799.00,270
君胜数码专营店,//detail.tmall.com/item.htm?id=596864506699&skuId=4456064258629&areaId=410500&standard=1&user_id=2201491547305&cat_id=2&is_b=1&rn=a8895594f83c97da7865e6828b2faeaa,Xiaomi/小米RedmiK20Pro,3299.00,200
气樽数码专营店,//detail.tmall.com/item.htm?id=595471421398&skuId=4611686613898809302&areaId=410500&standard=1&user_id=742644724&cat_id=2&is_b=1&rn=a8895594f83c97da7865e6828b2faeaa,Xiaomi/小米RedmiK20骁龙855,2488.00,269
vivo欧曙专卖店,//detail.tmall.com/item.htm?id=612436207834&skuId=4493250942431&areaId=410500&standard=1&user_id=1637289231&cat_id=2&is_b=1&rn=a8895594f83c97da7865e6828b2faeaa,vivoZ6,2298.00,25000.0
久汇数码专营店,//detail.tmall.com/item.htm?id=570664704681&skuId=3852723810601&areaId=410500&standard=1&user_id=1659902905&cat_id=2&is_b=1&rn=a8895594f83c97da7865e6828b2faeaa,Huawei/华为畅享8e青春18#3B9全面屏32GB大内存,469.00,1146
晋商数码专营店,//detail.tmall.com/item.htm?id=579623699524&skuId=4258112080186&areaId=410500&standard=1&user_id=210910611&cat_id=2&is_b=1&rn=a8895594f83c97da7865e6828b2faeaa,Huawei/华为畅享MAX7.12英寸珍珠屏超高清分辨率,1499.00,2281
博海宇通数码专营店,//detail.tmall.com/item.htm?id=590275747995&skuId=4503587403603&areaId=410500&standard=1&user_id=1963544026&cat_id=2&is_b=1&rn=a8895594f83c97da7865e6828b2faeaa,HUAWEI华为畅享9S,1099.00,9460
启能数码专营店,//detail.tmall.com/item.htm?id=579038020005&skuId=4068571643315&areaId=410500&standard=1&user_id=507957984&cat_id=2&is_b=1&rn=a8895594f83c97da7865e6828b2faeaa,Huawei/华为畅享8e5.7英寸全面屏口袋音响,478.00,2536
连盛数码专营店,//detail.tmall.com/item.htm?id=606905979874&skuId=4261724213841&areaId=410500&standard=1&user_id=2201415337596&cat_id=2&is_b=1&rn=a8895594f83c97da7865e6828b2faeaa,Meizu/魅族16x屏下光学指纹索尼旗舰双摄,1189.00,2223
岸越数码专营店,//detail.tmall.com/item.htm?id=556565993453&skuId=4319584520584&areaId=410500&standard=1&user_id=872196368&cat_id=2&is_b=1&rn=a8895594f83c97da7865e6828b2faeaa,Xiaomi/小米小米6双摄变焦骁龙8356GB内存,1939.00,101
首佳誉数码专营店,//detail.tmall.com/item.htm?id=605633564877&skuId=4414738150138&areaId=410500&standard=1&user_id=1824502713&cat_id=2&is_b=1&rn=a8895594f83c97da7865e6828b2faeaa,vivoU3,1099.00,6194
卓瓦数码专营店,//detail.tmall.com/item.htm?id=593305523406&skuId=4296912376489&areaId=410500&standard=1&user_id=686947088&cat_id=2&is_b=1&rn=a8895594f83c97da7865e6828b2faeaa,nubia/努比亚红魔,3599.00,196
美图旗舰店,//detail.tmall.com/item.htm?id=577518094619&skuId=4430359694385&areaId=410500&standard=1&user_id=1811831780&cat_id=2&is_b=1&rn=a8895594f83c97da7865e6828b2faeaa,Meitu/美图MP1710限量版礼盒.IP定制.动漫联名,1299.00,577
koobee手机旗舰店,//detail.tmall.com/item.htm?id=607604705305&skuId=4435346866811&areaId=410500&user_id=1112551857&cat_id=2&is_b=1&rn=a8895594f83c97da7865e6828b2faeaa,koobee/酷比Y3,658.00,1859
东亿民华数码专营店,//detail.tmall.com/item.htm?id=605673815125&skuId=4471643467488&areaId=410500&standard=1&user_id=2205312695265&cat_id=2&is_b=1&rn=a8895594f83c97da7865e6828b2faeaa,K-Touch/天语HD1,599.00,583
金万吉数码专营店,//detail.tmall.com/item.htm?id=606398801141&skuId=4423446599865&areaId=410500&user_id=1898764315&cat_id=2&is_b=1&rn=a8895594f83c97da7865e6828b2faeaa,SMARTISAN/锤子坚果pro坚果手机双卡双待,2399.00,650
浩瑜数码专营店,//detail.tmall.com/item.htm?id=609656761878&skuId=4286942253909&areaId=410500&user_id=3994662922&cat_id=2&is_b=1&rn=a8895594f83c97da7865e6828b2faeaa,DOOV/朵唯X11Pro,688.00,2650
浩瑜数码专营店,//detail.tmall.com/item.htm?id=609656761878&skuId=4286942253909&areaId=410500&user_id=3994662922&cat_id=2&is_b=1&rn=b1b0bc974f3ca95bf1019b768943854a,DOOV/朵唯X11Pro,688.00,2650
东亿民华数码专营店,//detail.tmall.com/item.htm?id=609463244053&skuId=4287683073952&areaId=410500&standard=1&user_id=2205312695265&cat_id=2&is_b=1&rn=b1b0bc974f3ca95bf1019b768943854a,K-Touch/天语LD1,499.00,1872
进隆数码专营店,//detail.tmall.com/item.htm?id=601526037041&skuId=4386187507418&areaId=410500&standard=1&user_id=908237986&cat_id=2&is_b=1&rn=b1b0bc974f3ca95bf1019b768943854a,DOOV/朵唯P9,489.00,5164
晟功数码专营店,//detail.tmall.com/item.htm?id=610028055860&skuId=4293275357065&areaId=410500&standard=1&user_id=319810678&cat_id=2&is_b=1&rn=b1b0bc974f3ca95bf1019b768943854a,21KEqin2pro,599.00,814
朵唯官方旗舰店,//detail.tmall.com/item.htm?id=601723086180&skuId=4380647655917&areaId=410500&standard=1&user_id=745667243&cat_id=2&is_b=1&rn=b1b0bc974f3ca95bf1019b768943854a,DOOV/朵唯A55全面刘海屏全网通智能手机,499.00,306
佳宁数码专营店,//detail.tmall.com/item.htm?id=610096895650&skuId=4453980802270&areaId=410500&standard=1&user_id=369979583&cat_id=2&is_b=1&rn=b1b0bc974f3ca95bf1019b768943854a,Gionee/金立K35000mAh大电池6.2英寸水滴屏,899.00,292
OPPO欧曙专卖店,//detail.tmall.com/item.htm?id=612460447375&skuId=4318369209606&areaId=410500&standard=1&user_id=1715164541&cat_id=2&is_b=1&rn=b1b0bc974f3ca95bf1019b768943854a,OPPOFindX2Pro,6999.00,3446
小辣椒旗舰店,//detail.tmall.com/item.htm?id=605966682561&skuId=4248160817620&areaId=410500&standard=1&user_id=2011807058&cat_id=2&is_b=1&rn=b1b0bc974f3ca95bf1019b768943854a,小辣椒红辣椒9,999.00,683
ZTE中兴官方旗舰店,//detail.tmall.com/item.htm?id=604322191258&skuId=4449029487794&areaId=410500&standard=1&user_id=2765414748&cat_id=2&is_b=1&rn=b1b0bc974f3ca95bf1019b768943854a,ZTE/中兴ZTEA7010,699.00,276
朵唯宇钧汇专卖店,//detail.tmall.com/item.htm?id=606758414950&skuId=4267467297561&areaId=410500&standard=1&user_id=2201509551154&cat_id=2&is_b=1&rn=b1b0bc974f3ca95bf1019b768943854a,DOOV/朵唯20190808,689.00,332
天猫超市,//detail.tmall.com/item.htm?id=611019059153&skuId=4465514218861&areaId=410500&standard=1&user_id=725677994&cat_id=2&is_b=1&rn=b1b0bc974f3ca95bf1019b768943854a,Apple/苹果AppleiPhoneXSMax,5949.00,573
samsung佳酷专卖店,//detail.tmall.com/item.htm?id=612969202972&skuId=4318045949041&areaId=410500&standard=1&user_id=2124152022&cat_id=2&is_b=1&rn=b1b0bc974f3ca95bf1019b768943854a,Samsung/三星GalaxyZFlipSM-F7000,12998.00,1855
小辣椒搜客专卖店,//detail.tmall.com/item.htm?id=607403098573&skuId=4468274554711&areaId=410500&standard=1&user_id=2206521065189&cat_id=2&is_b=1&rn=b1b0bc974f3ca95bf1019b768943854a,小辣椒小辣椒P60,799.00,703
异维数码专营店,//detail.tmall.com/item.htm?id=602145982271&skuId=4442304399729&areaId=410500&standard=1&user_id=1995704611&cat_id=2&is_b=1&rn=b1b0bc974f3ca95bf1019b768943854a,Philips/飞利浦E518,489.00,697
轻松换数码旗舰店,//detail.tmall.com/item.htm?id=613833985207&skuId=4492147274235&areaId=410500&standard=1&user_id=2204163545195&cat_id=2&is_b=1&rn=b1b0bc974f3ca95bf1019b768943854a,Apple/苹果Appleiphone11pro,7999.00,508
搜酷数码专营店,//detail.tmall.com/item.htm?id=613998982638&skuId=4494703139805&areaId=410500&standard=1&user_id=2124156138&cat_id=2&is_b=1&rn=b1b0bc974f3ca95bf1019b768943854a,Apple/苹果iPhone6s,1999.00,217
优源数码专营店,//detail.tmall.com/item.htm?id=589530440234&skuId=4494863303635&areaId=410500&standard=1&user_id=1740729405&cat_id=2&is_b=1&rn=b1b0bc974f3ca95bf1019b768943854a,DOOV/朵唯L525,599.00,194
百汇瑞成数码专营店,//detail.tmall.com/item.htm?id=601125154741&skuId=4382450890533&areaId=410500&user_id=754340113&cat_id=2&is_b=1&rn=b1b0bc974f3ca95bf1019b768943854a,快活狐gp-50全网通4g网络实时监控软件下载,699.00,220
能良数码官方旗舰店,//detail.tmall.com/item.htm?id=613807729875&skuId=4499430775045&areaId=410500&standard=1&user_id=263726286&cat_id=2&is_b=1&rn=b1b0bc974f3ca95bf1019b768943854a,Xiaomi/小米RedmiK30Pro,4199.00,12000.0
天猫超市,//detail.tmall.com/item.htm?id=610799486371&skuId=4465673930708&areaId=410500&standard=1&user_id=725677994&cat_id=2&is_b=1&rn=b1b0bc974f3ca95bf1019b768943854a,Apple/苹果AppleiPhone11proMax,10269.00,70
苏宁易购官方旗舰店,//detail.tmall.com/item.htm?id=605468103182&skuId=4266777221080&areaId=410500&standard=1&user_id=2616970884&cat_id=2&is_b=1&rn=b1b0bc974f3ca95bf1019b768943854a,Apple/苹果iPhone11ProMax,10899.00,12000.0
苏宁易购官方旗舰店,//detail.tmall.com/item.htm?id=602661002260&skuId=4220719393892&areaId=410500&standard=1&user_id=2616970884&cat_id=2&is_b=1&rn=b1b0bc974f3ca95bf1019b768943854a,Apple/苹果iPhone11Pro,9999.00,6525
华为官方旗舰店,//detail.tmall.com/item.htm?id=605867145401&skuId=4414626954161&areaId=410500&standard=1&user_id=2838892713&cat_id=2&is_b=1&rn=b1b0bc974f3ca95bf1019b768943854a,HUAWEInova5z,1599.00,43000.0
vivo官方旗舰店,//detail.tmall.com/item.htm?id=594381462179&skuId=4301474348316&areaId=410500&standard=1&user_id=883737303&cat_id=2&is_b=1&rn=b1b0bc974f3ca95bf1019b768943854a,vivoZ5X,1398.00,34000.0
荣耀官方旗舰店,//detail.tmall.com/item.htm?id=608819507503&skuId=4497739222017&areaId=410500&standard=1&user_id=1114511827&cat_id=2&is_b=1&rn=b1b0bc974f3ca95bf1019b768943854a,honor/荣耀荣耀V30Pro,3999.00,11000.0
华为官方旗舰店,//detail.tmall.com/item.htm?id=589814336859&skuId=4042062705283&areaId=410500&standard=1&user_id=2838892713&cat_id=2&is_b=1&rn=b1b0bc974f3ca95bf1019b768943854a,HUAWEIHUAWEIP30,3688.00,20000.0
小米官方旗舰店,//detail.tmall.com/item.htm?id=608384662277&skuId=4287056729082&areaId=410500&standard=1&user_id=1714128138&cat_id=2&is_b=1&rn=b1b0bc974f3ca95bf1019b768943854a,Xiaomi/小米RedmiK30,1699.00,35000.0
vivo官方旗舰店,//detail.tmall.com/item.htm?id=601717764536&skuId=4490586163552&areaId=410500&standard=1&user_id=883737303&cat_id=2&is_b=1&rn=b1b0bc974f3ca95bf1019b768943854a,vivoNEX3,4498.00,477
小米官方旗舰店,//detail.tmall.com/item.htm?id=602221212439&skuId=4245293161802&areaId=410500&standard=1&user_id=1714128138&cat_id=2&is_b=1&rn=b1b0bc974f3ca95bf1019b768943854a,Xiaomi/小米Redmi8A5000mAh大电量,599.00,65000.0
荣耀官方旗舰店,//detail.tmall.com/item.htm?id=602067209326&skuId=4495422830302&areaId=410500&standard=1&user_id=1114511827&cat_id=2&is_b=1&rn=b1b0bc974f3ca95bf1019b768943854a,honor/荣耀荣耀play3,999.00,45000.0
三星官方旗舰店,//detail.tmall.com/item.htm?id=606826111503&skuId=4420229850220&areaId=410500&standard=1&user_id=370627083&cat_id=2&is_b=1&rn=b1b0bc974f3ca95bf1019b768943854a,Samsung/三星GalaxyFoldSM-F9000,15998.00,138
三星官方旗舰店,//detail.tmall.com/item.htm?id=600469192419&skuId=4418932714511&areaId=410500&standard=1&user_id=370627083&cat_id=2&is_b=1&rn=b1b0bc974f3ca95bf1019b768943854a,Samsung/三星GalaxyNote10SM-N9700骁龙855|超感官全视屏,6299.00,283
OPPO官方旗舰店,//detail.tmall.com/item.htm?id=604435891699&skuId=4233051153584&areaId=410500&standard=1&user_id=901409638&cat_id=2&is_b=1&rn=b1b0bc974f3ca95bf1019b768943854a,OPPOA11超清音质.极致美颜.双卡4G,1299.00,20000.0
OPPO官方旗舰店,//detail.tmall.com/item.htm?id=604002629541&skuId=4402444098081&areaId=410500&standard=1&user_id=901409638&cat_id=2&is_b=1&rn=b1b0bc974f3ca95bf1019b768943854a,OPPOReno2Z,2299.00,3322
三际数码官方旗舰店,//detail.tmall.com/item.htm?id=573941426243&skuId=4207497700260&areaId=410500&standard=1&user_id=268451883&cat_id=2&is_b=1&rn=b1b0bc974f3ca95bf1019b768943854a,Xiaomi/小米小米Max36.9英寸巨无霸级全面屏,1199.00,1474
三际数码官方旗舰店,//detail.tmall.com/item.htm?id=605728941503&skuId=4417128995408&areaId=410500&standard=1&user_id=268451883&cat_id=2&is_b=1&rn=b1b0bc974f3ca95bf1019b768943854a,Samsung/三星GalaxyM30sSM-M30706000mAh超长续航+15W加速充电,1699.00,455
中国移动官方旗舰店,//detail.tmall.com/item.htm?id=585974335257&skuId=4487625614924&areaId=410500&standard=1&user_id=1776456424&cat_id=2&is_b=1&rn=b1b0bc974f3ca95bf1019b768943854a,honor/荣耀荣耀畅玩8A珍珠全面屏震撼大音量,699.00,1454
创汇通达数码旗舰店,//detail.tmall.com/item.htm?id=596887991598&skuId=4146437880323&areaId=410500&standard=1&user_id=3063905773&cat_id=2&is_b=1&rn=b1b0bc974f3ca95bf1019b768943854a,honor/荣耀畅玩7小巧全面屏通话大音量,418.00,1427
连盛数码专营店,//detail.tmall.com/item.htm?id=607506761497&skuId=4482135074191&areaId=410500&standard=1&user_id=2201415337596&cat_id=2&is_b=1&rn=b1b0bc974f3ca95bf1019b768943854a,Xiaomi/小米小米MIX3磁动力滑盖全面屏,2599.00,309
中国移动官方旗舰店,//detail.tmall.com/item.htm?id=597982761514&skuId=4487634722315&areaId=410500&standard=1&user_id=1776456424&cat_id=2&is_b=1&rn=b1b0bc974f3ca95bf1019b768943854a,honor/荣耀畅玩8,579.00,687
realme官方旗舰店,//detail.tmall.com/item.htm?id=612659551697&skuId=4488796854738&areaId=410500&standard=1&user_id=2200766936524&cat_id=2&is_b=1&rn=b1b0bc974f3ca95bf1019b768943854a,realme真我X50Pro5G,4199.00,3910
创汇通达数码旗舰店,//detail.tmall.com/item.htm?id=611796008352&skuId=4479236258503&areaId=410500&standard=1&user_id=3063905773&cat_id=2&is_b=1&rn=b1b0bc974f3ca95bf1019b768943854a,Xiaomi/小米小米10Pro,5999.00,16000.0
多亲旗舰店,//detail.tmall.com/item.htm?id=602754883341&skuId=4216001532261&areaId=410500&standard=1&user_id=2201255173898&cat_id=2&is_b=1&rn=b1b0bc974f3ca95bf1019b768943854a,多亲QIN2,599.00,446
岸越数码专营店,//detail.tmall.com/item.htm?id=587340049817&skuId=3996939345510&areaId=410500&standard=1&user_id=872196368&cat_id=2&is_b=1&rn=b1b0bc974f3ca95bf1019b768943854a,Xiaomi/小米小米9SE,1749.00,216
虫马虫义数码专营店,//detail.tmall.com/item.htm?id=610660735130&skuId=4464035903038&areaId=410500&standard=1&user_id=2200692104853&cat_id=2&is_b=1&rn=b1b0bc974f3ca95bf1019b768943854a,Apple/苹果iPhone7,2899.00,667
搜酷数码专营店,//detail.tmall.com/item.htm?id=600169520353&skuId=4315829324567&areaId=410500&standard=1&user_id=2124156138&cat_id=2&is_b=1&rn=b1b0bc974f3ca95bf1019b768943854a,Apple/苹果iPhone8Plus,4099.00,9953
年年盛数码专营店,//detail.tmall.com/item.htm?id=613392485501&skuId=4488661538891&areaId=410500&standard=1&user_id=2200645849853&cat_id=2&is_b=1&rn=b1b0bc974f3ca95bf1019b768943854a,nubia/努比亚NX659J,3699.00,792
魅族晓亚专卖店,//detail.tmall.com/item.htm?id=588640043022&skuId=4484886106676&areaId=410500&standard=1&user_id=2133951112&cat_id=2&is_b=1&rn=b1b0bc974f3ca95bf1019b768943854a,Meizu/魅族Note9高通骁龙6754800万像素AI双摄,1029.00,806
realme官方旗舰店,//detail.tmall.com/item.htm?id=610038892315&skuId=4303376177857&areaId=410500&standard=1&user_id=2200766936524&cat_id=2&is_b=1&rn=b1b0bc974f3ca95bf1019b768943854a,realmeX50,2498.90,1669
iQOO官方旗舰店,//detail.tmall.com/item.htm?id=613011338138&skuId=4503723063063&areaId=410500&user_id=2207440821122&cat_id=2&is_b=1&rn=b1b0bc974f3ca95bf1019b768943854a,iQOOiQOONeo855,2298.00,2308
诺基亚手机官方旗舰店,//detail.tmall.com/item.htm?id=610048096533&skuId=4306411544031&areaId=410500&standard=1&user_id=3367335567&cat_id=2&is_b=1&rn=b1b0bc974f3ca95bf1019b768943854a,Nokia/诺基亚2720经典翻盖超大按键4G全网通,649.00,1163
努比亚官方旗舰店,//detail.tmall.com/item.htm?id=599561201195&skuId=4392995482637&areaId=410500&standard=1&user_id=1677335387&cat_id=2&is_b=1&rn=b1b0bc974f3ca95bf1019b768943854a,nubia/努比亚Z20【新品发布】nubia/努比亚Z20年,2999.00,405
努比亚官方旗舰店,//detail.tmall.com/item.htm?id=580952113032&skuId=4438485702199&areaId=410500&standard=1&user_id=1677335387&cat_id=2&is_b=1&rn=b1b0bc974f3ca95bf1019b768943854a,nubia/努比亚努比亚X,2399.00,411
iQOO官方旗舰店,//detail.tmall.com/item.htm?id=612497216686&skuId=4332803161820&areaId=410500&user_id=2207440821122&cat_id=2&is_b=1&rn=b1b0bc974f3ca95bf1019b768943854a,iQOOiQOO3,3998.00,921
旭翼数码专营店,//detail.tmall.com/item.htm?id=574324534152&skuId=4487781066374&areaId=410500&standard=1&user_id=682299517&cat_id=2&is_b=1&rn=b1b0bc974f3ca95bf1019b768943854a,honor/荣耀荣耀10不详,1799.00,132
硕王鑫基汇专卖店,//detail.tmall.com/item.htm?id=613137713801&skuId=4314610100168&areaId=410500&user_id=2204161616234&cat_id=2&is_b=1&rn=b1b0bc974f3ca95bf1019b768943854a,SAILF/硕王硕王SAILF-R20强劲三摄还原真彩炫酷机身,598.00,922
小辣椒旗舰店,//detail.tmall.com/item.htm?id=599357831503&skuId=4270773845689&areaId=410500&user_id=2011807058&cat_id=2&is_b=1&rn=b1b0bc974f3ca95bf1019b768943854a,小辣椒8XPRO,799.00,237
米凌数码专营店,//detail.tmall.com/item.htm?id=606086552773&skuId=4422742459069&areaId=410500&standard=1&user_id=1959202531&cat_id=2&is_b=1&rn=b1b0bc974f3ca95bf1019b768943854a,K-Touch/天语M16,559.00,236
华飞数码专营店,//detail.tmall.com/item.htm?id=564632151682&skuId=4239308560230&areaId=410500&standard=1&user_id=1657780380&cat_id=2&is_b=1&rn=b1b0bc974f3ca95bf1019b768943854a,honor/荣耀荣耀9青春版全屏四摄正反都美,978.00,143
天杰数码专营店,//detail.tmall.com/item.htm?id=593977931510&skuId=4273952399641&areaId=410500&standard=1&user_id=845231900&cat_id=2&is_b=1&rn=b1b0bc974f3ca95bf1019b768943854a,ZTE/中兴A0700,499.00,264
晟功数码专营店,//detail.tmall.com/item.htm?id=607736718879&skuId=4456697778526&areaId=410500&standard=1&user_id=319810678&cat_id=2&is_b=1&rn=191f5b638db51a2331fcc1c943327ad2,21KE升级版多亲QIN2,599.00,293
多亲旗舰店,//detail.tmall.com/item.htm?id=608659261789&skuId=4444693242190&areaId=410500&user_id=2201255173898&cat_id=2&is_b=1&rn=191f5b638db51a2331fcc1c943327ad2,多亲Qin2PRO64G,799.00,281
青椒数码专营店,//detail.tmall.com/item.htm?id=612641875117&skuId=4483004407512&areaId=410500&user_id=4022679268&cat_id=2&is_b=1&rn=191f5b638db51a2331fcc1c943327ad2,欧宝qin2,599.00,73
博海宇通数码专营店,//detail.tmall.com/item.htm?id=596616334117&skuId=4328144848421&areaId=410500&user_id=1963544026&cat_id=2&is_b=1&rn=191f5b638db51a2331fcc1c943327ad2,Lenovo/联想S5ProGT,898.00,24
晋商数码专营店,//detail.tmall.com/item.htm?id=553345819148&skuId=4032762318004&areaId=410500&standard=1&user_id=210910611&cat_id=2&is_b=1&rn=191f5b638db51a2331fcc1c943327ad2,Huawei/华为畅享6轻薄有型电力十足大广角镜头,418.00,170
SONY手机官方旗舰店,//detail.tmall.com/item.htm?id=603188830389&skuId=4223261844022&areaId=410500&standard=1&user_id=2528566607&cat_id=2&is_b=1&rn=191f5b638db51a2331fcc1c943327ad2,Sony/索尼J9210,5199.00,71
热图数码专营店,//detail.tmall.com/item.htm?id=603124478325&skuId=4398407006334&areaId=410500&standard=1&user_id=2201415902533&cat_id=2&is_b=1&rn=191f5b638db51a2331fcc1c943327ad2,Xiaomi/小米小米9pro,3828.00,152
samsung佳酷专卖店,//detail.tmall.com/item.htm?id=593025007765&skuId=4314441875170&areaId=410500&standard=1&user_id=2124152022&cat_id=2&is_b=1&rn=191f5b638db51a2331fcc1c943327ad2,Samsung/三星GalaxyA60SM-A6060超清影像黑瞳全视屏,1388.00,360
海信手机旗舰店,//detail.tmall.com/item.htm?id=606533920738&skuId=4257954053619&areaId=410500&standard=1&user_id=1032208013&cat_id=2&is_b=1&rn=191f5b638db51a2331fcc1c943327ad2,Hisense/海信A6L双屏手机正面彩屏背面水墨屏,2799.00,55
天杰数码专营店,//detail.tmall.com/item.htm?id=606359204075&skuId=4425806695452&areaId=410500&user_id=845231900&cat_id=2&is_b=1&rn=191f5b638db51a2331fcc1c943327ad2,ZTE/中兴ZTEV1050,899.00,152
玩风数码专营店,//detail.tmall.com/item.htm?id=585766073008&skuId=4400414923026&areaId=410500&standard=1&user_id=761647182&cat_id=2&is_b=1&rn=191f5b638db51a2331fcc1c943327ad2,Xiaomi/小米RedmiNote7,849.00,188
久汇数码专营店,//detail.tmall.com/item.htm?id=599742051676&skuId=4352063070482&areaId=410500&standard=1&user_id=1659902905&cat_id=2&is_b=1&rn=191f5b638db51a2331fcc1c943327ad2,honor/荣耀荣耀NOTE10,1849.00,2020
中电盈讯数码专营店,//detail.tmall.com/item.htm?id=611762335062&skuId=4306576736615&areaId=410500&standard=1&user_id=661871428&cat_id=2&is_b=1&rn=191f5b638db51a2331fcc1c943327ad2,小辣椒红辣椒9X,799.00,119
创佰佳数码专营店,//detail.tmall.com/item.htm?id=581228881643&skuId=3884199057512&areaId=410500&standard=1&user_id=411886194&cat_id=2&is_b=1&rn=191f5b638db51a2331fcc1c943327ad2,Meizu/魅族X8骁龙710轻奢拍照全面屏手机,918.00,747
ktouch天语众鑫世纪专卖店,//detail.tmall.com/item.htm?id=596267090461&skuId=4140673924166&areaId=410500&standard=1&user_id=2452947959&cat_id=2&is_b=1&rn=191f5b638db51a2331fcc1c943327ad2,K-Touch/天语I10,659.00,94
异维数码专营店,//detail.tmall.com/item.htm?id=610775433199&skuId=4300917777925&areaId=410500&standard=1&user_id=1995704611&cat_id=2&is_b=1&rn=191f5b638db51a2331fcc1c943327ad2,K-Touch/天语LD2,599.00,97
旭翼数码专营店,//detail.tmall.com/item.htm?id=545639574250&skuId=3884450447943&areaId=410500&standard=1&user_id=682299517&cat_id=2&is_b=1&rn=191f5b638db51a2331fcc1c943327ad2,honor/荣耀荣耀8青春版双2.5D玻璃10级美颜,679.00,13
岸越数码专营店,//detail.tmall.com/item.htm?id=568513972720&skuId=4490946267505&areaId=410500&standard=1&user_id=872196368&cat_id=2&is_b=1&rn=191f5b638db51a2331fcc1c943327ad2,Xiaomi/小米6X前后2000万AI双摄5.99''全面屏,699.00,204
vertu纬图旗舰店,//detail.tmall.com/item.htm?id=600584339383&skuId=4195974393745&areaId=410500&user_id=2200694625295&cat_id=2&is_b=1&rn=191f5b638db51a2331fcc1c943327ad2,Vertu/纬图VTL-1905,12999.00,12
豪置数码专营店,//detail.tmall.com/item.htm?id=585514273361&skuId=3968407405550&areaId=410500&standard=1&user_id=1639805004&cat_id=2&is_b=1&rn=191f5b638db51a2331fcc1c943327ad2,Huawei/华为nova3e前置2400万自然美妆摄像头,979.00,277
vivo欧曙专卖店,//detail.tmall.com/item.htm?id=587050057533&skuId=4305031877234&areaId=410500&user_id=1637289231&cat_id=2&is_b=1&rn=191f5b638db51a2331fcc1c943327ad2,vivoU1,999.00,124
博海宇通数码专营店,//detail.tmall.com/item.htm?id=582262384670&skuId=4464184374607&areaId=410500&standard=1&user_id=1963544026&cat_id=2&is_b=1&rn=191f5b638db51a2331fcc1c943327ad2,Lenovo/联想K5Note6吋全面屏超大电池1600万双摄,528.00,56
8848手机官方旗舰店,//detail.tmall.com/item.htm?id=557351647338&skuId=4231474008203&areaId=410500&user_id=2966545063&cat_id=2&is_b=1&rn=191f5b638db51a2331fcc1c943327ad2,8848M4指纹识别6G运行内存128G存储空间,4999.00,90
samsung佳酷专卖店,//detail.tmall.com/item.htm?id=598598143894&skuId=4340048155040&areaId=410500&standard=1&user_id=2124152022&cat_id=2&is_b=1&rn=191f5b638db51a2331fcc1c943327ad2,Samsung/三星GalaxyA80SM-GA8050,2388.00,790
小辣椒旗舰店,//detail.tmall.com/item.htm?id=572961109695&skuId=4268490261827&areaId=410500&user_id=2011807058&cat_id=2&is_b=1&rn=191f5b638db51a2331fcc1c943327ad2,小辣椒红辣椒R15,999.00,184
莫拉克数码专营店,//detail.tmall.com/item.htm?id=609185924388&skuId=4484539158530&areaId=410500&user_id=431317864&cat_id=2&is_b=1&rn=191f5b638db51a2331fcc1c943327ad2,360N5全网通6G运存|骁龙660|1600万后置双摄,799.00,40
亿品汇数码专营,//detail.tmall.com/item.htm?id=570944935483&skuId=4482727758577&areaId=410500&standard=1&user_id=1718968945&cat_id=2&is_b=1&rn=191f5b638db51a2331fcc1c943327ad2,honor/荣耀荣耀9i,939.00,77
万诚春数码专营店,//detail.tmall.com/item.htm?id=607600689013&skuId=4438432467700&areaId=410500&standard=1&user_id=2057657476&cat_id=2&is_b=1&rn=191f5b638db51a2331fcc1c943327ad2,纽曼P20,989.00,49
致诚信达数码专营店,//detail.tmall.com/item.htm?id=603073358306&skuId=4221821320662&areaId=410500&standard=1&user_id=1956274309&cat_id=2&is_b=1&rn=191f5b638db51a2331fcc1c943327ad2,Philips/飞利浦E515移动联通4G老人手机翻盖内外屏,489.00,129
豪置数码专营店,//detail.tmall.com/item.htm?id=579109363753&skuId=4010431467357&areaId=410500&standard=1&user_id=1639805004&cat_id=2&is_b=1&rn=191f5b638db51a2331fcc1c943327ad2,Huawei/华为nova2s6英寸全面屏2000万四镜头,1349.00,174
启能数码专营店,//detail.tmall.com/item.htm?id=601004581162&skuId=4468772454060&areaId=410500&standard=1&user_id=507957984&cat_id=2&is_b=1&rn=191f5b638db51a2331fcc1c943327ad2,Xiaomi/小米MIX2SAI双摄骁龙845全面屏陶瓷机身,2799.00,52
锦万数码专营,//detail.tmall.com/item.htm?id=610064268374&skuId=4295106533423&areaId=410500&standard=1&user_id=746181913&cat_id=2&is_b=1&rn=191f5b638db51a2331fcc1c943327ad2,Philips/飞利浦S610,799.00,192
SONY手机官方旗舰店,//detail.tmall.com/item.htm?id=594140492161&skuId=4120544681033&areaId=410500&standard=1&user_id=2528566607&cat_id=2&is_b=1&rn=191f5b638db51a2331fcc1c943327ad2,Sony/索尼J9110,5499.00,38
莫拉克数码专营店,//detail.tmall.com/item.htm?id=541517742110&skuId=4239300254217&areaId=410500&standard=1&user_id=431317864&cat_id=2&is_b=1&rn=191f5b638db51a2331fcc1c943327ad2,Coolpad/酷派C106千元定义双摄像头,418.00,83
火红数码专营店,//detail.tmall.com/item.htm?id=600816731343&skuId=4195249880991&areaId=410500&standard=1&user_id=863113918&cat_id=2&is_b=1&rn=191f5b638db51a2331fcc1c943327ad2,realmeX,1199.00,81
久汇数码专营店,//detail.tmall.com/item.htm?id=566894711159&skuId=4064185419622&areaId=410500&standard=1&user_id=1659902905&cat_id=2&is_b=1&rn=191f5b638db51a2331fcc1c943327ad2,Huawei/华为畅享8,469.00,92
meitu美图浩丰专卖店,//detail.tmall.com/item.htm?id=584614046790&skuId=3950957296723&areaId=410500&standard=1&user_id=3235240730&cat_id=2&is_b=1&rn=191f5b638db51a2331fcc1c943327ad2,Meitu/美图MP1801前置三摄.限量高端定制,2699.00,308
启能数码专营店,//detail.tmall.com/item.htm?id=591469578204&skuId=4232371531602&areaId=410500&standard=1&user_id=507957984&cat_id=2&is_b=1&rn=191f5b638db51a2331fcc1c943327ad2,ZTE/中兴C2017裸眼3D后双1300万像素,679.00,66
硕王鑫基汇专卖店,//detail.tmall.com/item.htm?id=613552040188&skuId=4324545069916&areaId=410500&user_id=2204161616234&cat_id=2&is_b=1&rn=191f5b638db51a2331fcc1c943327ad2,SAILF/硕王硕王SAILFR20强劲三摄还原真彩炫酷机身,598.00,263
米凌数码专营店,//detail.tmall.com/item.htm?id=592698801058&skuId=4256626439300&areaId=410500&standard=1&user_id=1959202531&cat_id=2&is_b=1&rn=191f5b638db51a2331fcc1c943327ad2,创星（手机）XS,538.00,27
苏宁易购官方旗舰店,//detail.tmall.com/item.htm?id=606335538954&skuId=4309654616548&areaId=410500&standard=1&user_id=2616970884&cat_id=2&is_b=1&rn=191f5b638db51a2331fcc1c943327ad2,HUAWEIHuaWeiMate305G,4499.00,72000.0
苏宁易购官方旗舰店,//detail.tmall.com/item.htm?id=600453936466&skuId=4198210180300&areaId=410500&standard=1&user_id=2616970884&cat_id=2&is_b=1&rn=191f5b638db51a2331fcc1c943327ad2,Samsung/三星GalaxyNote10+SM-N97605G,7999.00,958
荣耀官方旗舰店,//detail.tmall.com/item.htm?id=594370342052&skuId=4316034176469&areaId=410500&standard=1&user_id=1114511827&cat_id=2&is_b=1&rn=191f5b638db51a2331fcc1c943327ad2,honor/荣耀荣耀20,2299.00,12000.0
荣耀官方旗舰店,//detail.tmall.com/item.htm?id=607826182160&skuId=4311311937984&areaId=410500&standard=1&user_id=1114511827&cat_id=2&is_b=1&rn=191f5b638db51a2331fcc1c943327ad2,honor/荣耀荣耀V30麒麟990芯片,2999.00,16000.0
vivo官方旗舰店,//detail.tmall.com/item.htm?id=601188351187&skuId=4313606088032&areaId=410500&standard=1&user_id=883737303&cat_id=2&is_b=1&rn=191f5b638db51a2331fcc1c943327ad2,vivoiQOOPro5GiQOOPro5G,3798.00,5547
华为官方旗舰店,//detail.tmall.com/item.htm?id=581325800445&skuId=3946058268999&areaId=410500&standard=1&user_id=2838892713&cat_id=2&is_b=1&rn=191f5b638db51a2331fcc1c943327ad2,Huawei/华为Mate20RS保时捷设计,12999.00,59
华为官方旗舰店,//detail.tmall.com/item.htm?id=603330883901&skuId=4222567536088&areaId=410500&standard=1&user_id=2838892713&cat_id=2&is_b=1&rn=191f5b638db51a2331fcc1c943327ad2,HUAWEIHUAWEIMate30Pro,5399.00,3584
vivo官方旗舰店,//detail.tmall.com/item.htm?id=609132407074&skuId=4488166155957&areaId=410500&standard=1&user_id=883737303&cat_id=2&is_b=1&rn=191f5b638db51a2331fcc1c943327ad2,vivoiQOONeo855竞速版,2698.00,12000.0
OPPO官方旗舰店,//detail.tmall.com/item.htm?id=591836449314&skuId=4069153808067&areaId=410500&standard=1&user_id=901409638&cat_id=2&is_b=1&rn=191f5b638db51a2331fcc1c943327ad2,OPPOReno10倍变焦版,3199.00,1029
OPPO官方旗舰店,//detail.tmall.com/item.htm?id=572378961872&skuId=4217478669307&areaId=410500&standard=1&user_id=901409638&cat_id=2&is_b=1&rn=191f5b638db51a2331fcc1c943327ad2,OPPOA5,899.00,4954
小米官方旗舰店,//detail.tmall.com/item.htm?id=594387510987&skuId=4369944479553&areaId=410500&standard=1&user_id=1714128138&cat_id=2&is_b=1&rn=191f5b638db51a2331fcc1c943327ad2,Xiaomi/小米Redmi7A4000mhA大电量,549.00,20000.0
小米官方旗舰店,//detail.tmall.com/item.htm?id=602867019653&skuId=4245295365669&areaId=410500&standard=1&user_id=1714128138&cat_id=2&is_b=1&rn=191f5b638db51a2331fcc1c943327ad2,Xiaomi/小米Redmi85000mAh大电量,699.00,8444
三际数码官方旗舰店,//detail.tmall.com/item.htm?id=589285201922&skuId=4176972325958&areaId=410500&standard=1&user_id=268451883&cat_id=2&is_b=1&rn=191f5b638db51a2331fcc1c943327ad2,Xiaomi/小米redminote7pro,1349.00,872
三星官方旗舰店,//detail.tmall.com/item.htm?id=607517454796&skuId=4434418743031&areaId=410500&standard=1&user_id=370627083&cat_id=2&is_b=1&rn=191f5b638db51a2331fcc1c943327ad2,Samsung/三星GalaxyA70sSM-A7070,2199.00,1770
三星官方旗舰店,//detail.tmall.com/item.htm?id=606416030588&skuId=4421019027233&areaId=410500&standard=1&user_id=370627083&cat_id=2&is_b=1&rn=191f5b638db51a2331fcc1c943327ad2,Samsung/三星GalaxyA50sSM-A5070,1999.00,332
三际数码官方旗舰店,//detail.tmall.com/item.htm?id=589278673247&skuId=4257041345307&areaId=410500&standard=1&user_id=268451883&cat_id=2&is_b=1&rn=191f5b638db51a2331fcc1c943327ad2,Xiaomi/小米Redmi7,829.00,1532
iQOO官方旗舰店,//detail.tmall.com/item.htm?id=613223435696&skuId=4503726059519&areaId=410500&user_id=2207440821122&cat_id=2&is_b=1&rn=191f5b638db51a2331fcc1c943327ad2,iQOOiQOOPro,3198.00,139
中国移动官方旗舰店,//detail.tmall.com/item.htm?id=579217538083&skuId=4319649693134&areaId=410500&standard=1&user_id=1776456424&cat_id=2&is_b=1&rn=191f5b638db51a2331fcc1c943327ad2,honor/荣耀畅玩8C,919.00,338
旭翼数码专营店,//detail.tmall.com/item.htm?id=600398937776&skuId=4194907376375&areaId=410500&standard=1&user_id=682299517&cat_id=2&is_b=1&rn=191f5b638db51a2331fcc1c943327ad2,Huawei/华为P20,2399.00,136
岸越数码专营店,//detail.tmall.com/item.htm?id=566387217906&skuId=4270382693836&areaId=410500&standard=1&user_id=872196368&cat_id=2&is_b=1&rn=191f5b638db51a2331fcc1c943327ad2,Xiaomi/小米红米Note5AI双摄智能美颜骁龙6366GB内存,888.00,75
samsung佳酷专卖店,//detail.tmall.com/item.htm?id=570882130045&skuId=4316666918853&areaId=410500&standard=1&user_id=2124152022&cat_id=2&is_b=1&rn=728035b8a0171626048b5fe7ea253a45,Samsung/三星GalaxyS9SM-G9600/DS凝时拍摄.智能可变光圈,3199.00,84
豪置数码专营店,//detail.tmall.com/item.htm?id=569655267746&skuId=4312175525321&areaId=410500&user_id=1639805004&cat_id=2&is_b=1&rn=728035b8a0171626048b5fe7ea253a45,honor/荣耀荣耀92000万变焦双摄,1199.00,53
中国移动官方旗舰店,//detail.tmall.com/item.htm?id=574343232384&skuId=4329149185038&areaId=410500&standard=1&user_id=1776456424&cat_id=2&is_b=1&rn=728035b8a0171626048b5fe7ea253a45,Huawei/华为nova3i,1099.00,133
小辣椒旗舰店,//detail.tmall.com/item.htm?id=594759708644&skuId=4296720015107&areaId=410500&standard=1&user_id=2011807058&cat_id=2&is_b=1&rn=728035b8a0171626048b5fe7ea253a45,小辣椒小辣椒8xpro128GB大内存6.2''水滴屏AI双摄,749.00,115
民讯通数码专营店,//detail.tmall.com/item.htm?id=600486739763&skuId=4194889981186&areaId=410500&standard=1&user_id=292642853&cat_id=2&is_b=1&rn=728035b8a0171626048b5fe7ea253a45,Motorola/摩托罗拉p30note,999.00,18
OPPO酷炫专卖店,//detail.tmall.com/item.htm?id=590371466090&skuId=4220234698116&areaId=410500&standard=1&user_id=598270411&cat_id=2&is_b=1&rn=728035b8a0171626048b5fe7ea253a45,OPPOReno,2199.00,375
信通志远数码专营店,//detail.tmall.com/item.htm?id=604905320266&skuId=4412961979181&areaId=410500&user_id=2200586761792&cat_id=2&is_b=1&rn=728035b8a0171626048b5fe7ea253a45,Coolpad/酷派coolpad26,989.00,5
卓瓦数码专营店,//detail.tmall.com/item.htm?id=584722324554&skuId=4151515006098&areaId=410500&standard=1&user_id=686947088&cat_id=2&is_b=1&rn=728035b8a0171626048b5fe7ea253a45,Motorola/摩托罗拉p30,1059.00,141
旭翼数码专营店,//detail.tmall.com/item.htm?id=560016308048&skuId=3668956951786&areaId=410500&standard=1&user_id=682299517&cat_id=2&is_b=1&rn=728035b8a0171626048b5fe7ea253a45,honor/荣耀畅玩7X千元旗舰全屏实力,830.00,118
华飞数码专营店,//detail.tmall.com/item.htm?id=572124563955&skuId=3909128399663&areaId=410500&standard=1&user_id=1657780380&cat_id=2&is_b=1&rn=728035b8a0171626048b5fe7ea253a45,honor/荣耀畅玩6全网通,428.00,39
宇奇一达数码专营店,//detail.tmall.com/item.htm?id=611410943336&skuId=4470253958343&areaId=410500&user_id=2206379217443&cat_id=2&is_b=1&rn=728035b8a0171626048b5fe7ea253a45,nubia/努比亚Z18无边框全面屏,2699.00,9
岸越数码专营店,//detail.tmall.com/item.htm?id=557102961718&skuId=4052684683791&areaId=410500&user_id=872196368&cat_id=2&is_b=1&rn=728035b8a0171626048b5fe7ea253a45,Xiaomi/小米小米max26.44‘大屏充电宝级电量,869.00,42
乐淘猫数码专营店,//detail.tmall.com/item.htm?id=610492387119&skuId=4461986967265&areaId=410500&standard=1&user_id=2206560940568&cat_id=2&is_b=1&rn=728035b8a0171626048b5fe7ea253a45,纽曼P308穿孔全面屏指纹/人脸解锁,558.00,354
莫拉克数码专营店,//detail.tmall.com/item.htm?id=586469935408&skuId=4147700286827&areaId=410500&user_id=431317864&cat_id=2&is_b=1&rn=728035b8a0171626048b5fe7ea253a45,Sharp/夏普AQUOSS2,799.00,21
莫拉克数码专营店,//detail.tmall.com/item.htm?id=610359834553&skuId=4292568513805&areaId=410500&user_id=431317864&cat_id=2&is_b=1&rn=728035b8a0171626048b5fe7ea253a45,360N6Pro4000毫安大电池下单立减100,1099.00,42
米凌数码专营店,//detail.tmall.com/item.htm?id=597460809182&skuId=4160066309130&areaId=410500&standard=1&user_id=1959202531&cat_id=2&is_b=1&rn=728035b8a0171626048b5fe7ea253a45,小辣椒小辣椒R17迷你机身64GB大内存人脸识别,549.00,1880
民讯通数码专营店,//detail.tmall.com/item.htm?id=601044104506&skuId=4497339279273&areaId=410500&user_id=292642853&cat_id=2&is_b=1&rn=728035b8a0171626048b5fe7ea253a45,Lenovo/联想L38082,839.00,14
广东电泽凯思专卖店,//detail.tmall.com/item.htm?id=565302998605&skuId=3759375781484&areaId=410500&standard=1&user_id=2024313998&cat_id=2&is_b=1&rn=728035b8a0171626048b5fe7ea253a45,Huawei/华为nova青春版柔光护眼屏自拍背景虚化,758.00,128
晋商数码专营店,//detail.tmall.com/item.htm?id=577909397859&skuId=3839494012810&areaId=410500&standard=1&user_id=210910611&cat_id=2&is_b=1&rn=728035b8a0171626048b5fe7ea253a45,honor/荣耀畅玩7C,418.00,57
启能数码专营店,//detail.tmall.com/item.htm?id=605896935034&skuId=4415699839107&areaId=410500&user_id=507957984&cat_id=2&is_b=1&rn=728035b8a0171626048b5fe7ea253a45,ZTE/中兴V890ZTE/中兴V890,799.00,12
玩风数码专营店,//detail.tmall.com/item.htm?id=584802750771&skuId=4121174199062&areaId=410500&standard=1&user_id=761647182&cat_id=2&is_b=1&rn=728035b8a0171626048b5fe7ea253a45,Xiaomi/小米红米6后置双摄八核处理器人脸解锁,628.00,139
卓瓦数码专营店,//detail.tmall.com/item.htm?id=586665550495&skuId=4487147754119&areaId=410500&standard=1&user_id=686947088&cat_id=2&is_b=1&rn=728035b8a0171626048b5fe7ea253a45,Lenovo/联想Z5ProGT,1788.00,35
启能数码专营店,//detail.tmall.com/item.htm?id=558853854146&skuId=4397837467489&areaId=410500&standard=1&user_id=507957984&cat_id=2&is_b=1&rn=728035b8a0171626048b5fe7ea253a45,honor/荣耀荣耀V9play金属机身八核芯片,688.00,36
李华氏数码专营店,//detail.tmall.com/item.htm?id=611758795061&skuId=4315102596972&areaId=410500&user_id=2206735499571&cat_id=2&is_b=1&rn=728035b8a0171626048b5fe7ea253a45,Coolpad/酷派1871-A0,499.00,69
晋商兆睿数码专营店,//detail.tmall.com/item.htm?id=608728489515&skuId=4488739542939&areaId=410500&standard=1&user_id=1124960044&cat_id=2&is_b=1&rn=728035b8a0171626048b5fe7ea253a45,Huawei/华为mate10pro全面屏人工智能芯片,2399.00,88
vivo智轩优品专卖店,//detail.tmall.com/item.htm?id=611959021813&skuId=4319640676630&areaId=410500&standard=1&user_id=1999920158&cat_id=2&is_b=1&rn=728035b8a0171626048b5fe7ea253a45,vivoiQOO3,4398.00,18000.0
晋商兆睿数码专营店,//detail.tmall.com/item.htm?id=599971012372&skuId=4363101790741&areaId=410500&standard=1&user_id=1124960044&cat_id=2&is_b=1&rn=728035b8a0171626048b5fe7ea253a45,Huawei/华为Mate10AI芯片智慧识屏,2158.00,102
gionee金立圆周率专卖店,//detail.tmall.com/item.htm?id=611528162309&skuId=4477368735096&areaId=410500&standard=1&user_id=2262875813&cat_id=2&is_b=1&rn=728035b8a0171626048b5fe7ea253a45,Gionee/金立大金钢5,799.00,90
华飞数码专营店,//detail.tmall.com/item.htm?id=572109354155&skuId=3713675068791&areaId=410500&standard=1&user_id=1657780380&cat_id=2&is_b=1&rn=728035b8a0171626048b5fe7ea253a45,360N7全面屏/骁龙660/5030mAh大电池,1699.00,56
浩瑜数码专营店,//detail.tmall.com/item.htm?id=605191395850&skuId=4406112078473&areaId=410500&user_id=3994662922&cat_id=2&is_b=1&rn=728035b8a0171626048b5fe7ea253a45,Coolpad/酷派1831-A0酷玩7C天猫十周年定制版,489.00,211
酷泽数码专营店,//detail.tmall.com/item.htm?id=613328380938&skuId=4322441701826&areaId=410500&standard=1&user_id=1770982614&cat_id=2&is_b=1&rn=728035b8a0171626048b5fe7ea253a45,YEPEN/誉品T28新品上市皮革小智能手机,499.00,52
samsung佳酷专卖店,//detail.tmall.com/item.htm?id=528071019645&skuId=3143195175343&areaId=410500&user_id=2124152022&cat_id=2&is_b=1&rn=728035b8a0171626048b5fe7ea253a45,Samsung/三星GALAXYNote4SM-N9100note4公开版双4G移动4G联通4G,1160.00,14
金万吉数码专营店,//detail.tmall.com/item.htm?id=605024364366&skuId=4411108598855&areaId=410500&standard=1&user_id=1898764315&cat_id=2&is_b=1&rn=728035b8a0171626048b5fe7ea253a45,nubia/努比亚M2畅玩版金属机身高通八核,499.00,12
飞可盈数码专营店,//detail.tmall.com/item.htm?id=533972671138&skuId=3185321787933&areaId=410500&user_id=698360813&cat_id=2&is_b=1&rn=728035b8a0171626048b5fe7ea253a45,21KEm2s4.0英寸4G智能老人机双喇叭双摄像头,999.00,12
中国移动手机官方旗舰店,//detail.tmall.com/item.htm?id=556788927363&skuId=3610972670164&areaId=410500&standard=1&user_id=713805254&cat_id=2&is_b=1&rn=728035b8a0171626048b5fe7ea253a45,Samsung/三星SM-G9298高端双屏翻盖设计典世臻藏,5199.00,9
天杰数码专营店,//detail.tmall.com/item.htm?id=598118244663&skuId=4341757967658&areaId=410500&standard=1&user_id=845231900&cat_id=2&is_b=1&rn=728035b8a0171626048b5fe7ea253a45,Lenovo/联想L78121,1499.00,162
豪置数码专营店,//detail.tmall.com/item.htm?id=584533760171&skuId=3951525148853&areaId=410500&standard=1&user_id=1639805004&cat_id=2&is_b=1&rn=728035b8a0171626048b5fe7ea253a45,Huawei/华为麦芒65.9寸全面屏出彩四镜头,888.00,108
飞可盈数码专营店,//detail.tmall.com/item.htm?id=538766535847&skuId=4313183469433&areaId=410500&standard=1&user_id=698360813&cat_id=2&is_b=1&rn=728035b8a0171626048b5fe7ea253a45,21KEMC001S老人手机大音量大字体超长待机,599.00,47
百汇瑞成数码专营店,//detail.tmall.com/item.htm?id=614131537807&skuId=4498663615970&areaId=410500&user_id=754340113&cat_id=2&is_b=1&rn=728035b8a0171626048b5fe7ea253a45,快活狐gp-50加强版家长管控网址过滤定位安全上网,629.00,12
agm手机旗舰店,//detail.tmall.com/item.htm?id=577065480315&skuId=3978735891004&areaId=410500&user_id=3350574230&cat_id=2&is_b=1&rn=728035b8a0171626048b5fe7ea253a45,AGM(手机)H1四JBL喇叭三防硬核造型,1599.00,47
安卓快意数码专营店,//detail.tmall.com/item.htm?id=606970056406&skuId=4430519762384&areaId=410500&standard=1&user_id=801373903&cat_id=2&is_b=1&rn=728035b8a0171626048b5fe7ea253a45,Motorola/摩托罗拉p50,1358.00,128
晋商数码专营店,//detail.tmall.com/item.htm?id=558280903814&skuId=3955958114870&areaId=410500&standard=1&user_id=210910611&cat_id=2&is_b=1&rn=728035b8a0171626048b5fe7ea253a45,Huawei/华为畅享6S纤薄金属机身.5英寸高清,479.00,39
长虹佳音专卖店,//detail.tmall.com/item.htm?id=605265777083&skuId=4455930838029&areaId=410500&user_id=1661629361&cat_id=2&is_b=1&rn=728035b8a0171626048b5fe7ea253a45,Changhong/长虹S15真正为老人设计的智能手机礼盒装,538.00,14
和瀛数码专营店,//detail.tmall.com/item.htm?id=603354682096&skuId=4227773337063&areaId=410500&standard=1&user_id=2204109564031&cat_id=2&is_b=1&rn=728035b8a0171626048b5fe7ea253a45,Philips/飞利浦飞利浦E515,479.00,236
博科雅创数码专营店,//detail.tmall.com/item.htm?id=588261198508&skuId=4007084772182&areaId=410500&standard=1&user_id=389810551&cat_id=2&is_b=1&rn=728035b8a0171626048b5fe7ea253a45,K-Touch/天语I9,559.00,1192
天杰数码专营店,//detail.tmall.com/item.htm?id=607405369167&skuId=4261960640374&areaId=410500&user_id=845231900&cat_id=2&is_b=1&rn=728035b8a0171626048b5fe7ea253a45,Nokia/诺基亚X65.8英寸高清全面屏骁龙636处理,1299.00,35
浩瑜数码专营店,//detail.tmall.com/item.htm?id=589091308141&skuId=4391154439234&areaId=410500&standard=1&user_id=3994662922&cat_id=2&is_b=1&rn=728035b8a0171626048b5fe7ea253a45,Coolpad/酷派1873-A0,699.00,35
科音数码专营店,//detail.tmall.com/item.htm?id=606136290804&skuId=4415062586469&areaId=410500&standard=1&user_id=656576287&cat_id=2&is_b=1&rn=728035b8a0171626048b5fe7ea253a45,K-Touch/天语X27,729.00,32
朵唯官方旗舰店,//detail.tmall.com/item.htm?id=609822496614&skuId=4288416620899&areaId=410500&standard=1&user_id=745667243&cat_id=2&is_b=1&rn=728035b8a0171626048b5fe7ea253a45,DOOV/朵唯201906,988.00,64
能良数码官方旗舰店,//detail.tmall.com/item.htm?id=584808546952&skuId=4126526268669&areaId=410500&standard=1&user_id=263726286&cat_id=2&is_b=1&rn=728035b8a0171626048b5fe7ea253a45,Xiaomi/小米小米PLAY自带高速流量,1149.00,251
三星宏远祥龙专卖店,//detail.tmall.com/item.htm?id=584681059305&skuId=4157200494456&areaId=410500&standard=1&user_id=1847396744&cat_id=2&is_b=1&rn=728035b8a0171626048b5fe7ea253a45,Samsung/三星GalaxyA8sSM-G8870,1799.00,239
三星恒源盛达专卖店,//detail.tmall.com/item.htm?id=570648636571&skuId=3853811691574&areaId=410500&standard=1&user_id=2301883111&cat_id=2&is_b=1&rn=728035b8a0171626048b5fe7ea253a45,Samsung/三星GalaxyS9+SM-G9650/DS全像素双核双曲面玻璃,4299.00,8
三星恒源盛达专卖店,//detail.tmall.com/item.htm?id=556174513960&skuId=3438444596379&areaId=410500&standard=1&user_id=2301883111&cat_id=2&is_b=1&rn=728035b8a0171626048b5fe7ea253a45,Samsung/三星SM-J3300操作系统Android7.13+32G,960.00,18
小辣椒旗舰店,//detail.tmall.com/item.htm?id=586366921891&skuId=4491966402577&areaId=410500&standard=1&user_id=2011807058&cat_id=2&is_b=1&rn=728035b8a0171626048b5fe7ea253a45,小辣椒红辣椒7A6英寸全面屏1300万后置美颜摄像,539.00,59
锦万数码专营,//detail.tmall.com/item.htm?id=606915323145&skuId=4421243278268&areaId=410500&standard=1&user_id=746181913&cat_id=2&is_b=1&rn=728035b8a0171626048b5fe7ea253a45,K-Touch/天语X25,899.00,28
gionee金立圆周率专卖店,//detail.tmall.com/item.htm?id=606988713725&skuId=4430554799097&areaId=410500&standard=1&user_id=2262875813&cat_id=2&is_b=1&rn=728035b8a0171626048b5fe7ea253a45,Gionee/金立M11S6.3英寸水滴屏后置双摄,1199.00,85
四知轩数码专营,//detail.tmall.com/item.htm?id=598071599958&skuId=4330158742280&areaId=410500&user_id=708680086&cat_id=2&is_b=1&rn=728035b8a0171626048b5fe7ea253a45,Nokia/诺基亚X7,1799.00,44
气樽数码专营店,//detail.tmall.com/item.htm?id=596641723210&skuId=4611686615069111114&areaId=410500&standard=1&user_id=742644724&cat_id=2&is_b=1&rn=728035b8a0171626048b5fe7ea253a45,Xiaomi/小米RedmiK20,1999.00,82
其他数码专营店,//detail.tmall.com/item.htm?id=596926850717&skuId=4316582940633&areaId=410500&standard=1&user_id=1954258884&cat_id=2&is_b=1&rn=728035b8a0171626048b5fe7ea253a45,Philips/飞利浦S351F,1388.00,34
妆也数码专营店,//detail.tmall.com/item.htm?id=604792020363&skuId=4307108365261&areaId=410500&standard=1&user_id=2206617460474&cat_id=2&is_b=1&rn=728035b8a0171626048b5fe7ea253a45,21KEqin2,799.00,221
苏宁易购官方旗舰店,//detail.tmall.com/item.htm?id=600662536849&skuId=4300664945431&areaId=410500&standard=1&user_id=2616970884&cat_id=2&is_b=1&rn=02bc2acba0f5d4553a6f8f891000c502,HUAWEIHUAWEIMate30,3999.00,21000.0
荣耀官方旗舰店,//detail.tmall.com/item.htm?id=583857290585&skuId=4155491024278&areaId=410500&standard=1&user_id=1114511827&cat_id=2&is_b=1&rn=02bc2acba0f5d4553a6f8f891000c502,honor/荣耀荣耀V20,2199.00,5168
苏宁易购官方旗舰店,//detail.tmall.com/item.htm?id=596822551576&skuId=4465987566938&areaId=410500&standard=1&user_id=2616970884&cat_id=2&is_b=1&rn=02bc2acba0f5d4553a6f8f891000c502,HUAWEInova5Pro,2499.00,52000.0
荣耀官方旗舰店,//detail.tmall.com/item.htm?id=591038764869&skuId=4068104848076&areaId=410500&standard=1&user_id=1114511827&cat_id=2&is_b=1&rn=02bc2acba0f5d4553a6f8f891000c502,honor/荣耀荣耀20i,1099.00,11000.0
华为官方旗舰店,//detail.tmall.com/item.htm?id=579718698456&skuId=4153694555224&areaId=410500&standard=1&user_id=2838892713&cat_id=2&is_b=1&rn=02bc2acba0f5d4553a6f8f891000c502,Huawei/华为Mate20Pro7nm旗舰芯片超广角三摄,5099.00,13000.0
vivo官方旗舰店,//detail.tmall.com/item.htm?id=606827865813&skuId=4313039392019&areaId=410500&standard=1&user_id=883737303&cat_id=2&is_b=1&rn=02bc2acba0f5d4553a6f8f891000c502,vivoS5,1998.00,7047
vivo官方旗舰店,//detail.tmall.com/item.htm?id=602931201625&skuId=4313603376411&areaId=410500&standard=1&user_id=883737303&cat_id=2&is_b=1&rn=02bc2acba0f5d4553a6f8f891000c502,vivoU3x,949.00,34000.0
华为官方旗舰店,//detail.tmall.com/item.htm?id=596880589421&skuId=4153904397547&areaId=410500&standard=1&user_id=2838892713&cat_id=2&is_b=1&rn=02bc2acba0f5d4553a6f8f891000c502,HUAWEInova5i,1799.00,17000.0
OPPO官方旗舰店,//detail.tmall.com/item.htm?id=601529211359&skuId=4377267466064&areaId=410500&standard=1&user_id=901409638&cat_id=2&is_b=1&rn=02bc2acba0f5d4553a6f8f891000c502,OPPOReno2,2999.00,280
OPPO官方旗舰店,//detail.tmall.com/item.htm?id=603065466810&skuId=4392413418973&areaId=410500&standard=1&user_id=901409638&cat_id=2&is_b=1&rn=02bc2acba0f5d4553a6f8f891000c502,OPPOA11x,1599.00,4452
三际数码官方旗舰店,//detail.tmall.com/item.htm?id=577700457182&skuId=4207483856251&areaId=410500&standard=1&user_id=268451883&cat_id=2&is_b=1&rn=02bc2acba0f5d4553a6f8f891000c502,Xiaomi/小米小米8青春版潮流镜面渐变色骁龙660处理器,1199.00,855
三星官方旗舰店,//detail.tmall.com/item.htm?id=612231809000&skuId=4313936417244&areaId=410500&standard=1&user_id=370627083&cat_id=2&is_b=1&rn=02bc2acba0f5d4553a6f8f891000c502,Samsung/三星GalaxyS20UltraSM-G9880,9999.00,2432
三星官方旗舰店,//detail.tmall.com/item.htm?id=612749114113&skuId=4484713019646&areaId=410500&standard=1&user_id=370627083&cat_id=2&is_b=1&rn=02bc2acba0f5d4553a6f8f891000c502,Samsung/三星GalaxyS20SM-G9810,6999.00,3170
小米官方旗舰店,//detail.tmall.com/item.htm?id=608604219796&skuId=4283384984149&areaId=410500&standard=1&user_id=1714128138&cat_id=2&is_b=1&rn=02bc2acba0f5d4553a6f8f891000c502,Xiaomi/小米RedmiK305G,2199.00,17000.0
三际数码官方旗舰店,//detail.tmall.com/item.htm?id=612336839607&skuId=4307566828527&areaId=410500&standard=1&user_id=268451883&cat_id=2&is_b=1&rn=02bc2acba0f5d4553a6f8f891000c502,Xiaomi/小米小米10,4049.00,33000.0
岸越数码专营店,//detail.tmall.com/item.htm?id=564929906810&skuId=3794330842991&areaId=410500&user_id=872196368&cat_id=2&is_b=1&rn=02bc2acba0f5d4553a6f8f891000c502,Xiaomi/小米小米Note25.7"双曲面屏2256MP相机,1169.00,27
岸越数码专营店,//detail.tmall.com/item.htm?id=545924789176&skuId=4269867320749&areaId=410500&user_id=872196368&cat_id=2&is_b=1&rn=02bc2acba0f5d4553a6f8f891000c502,Xiaomi/小米红米手机4X4100mAh超长续航,469.00,112
旭翼数码专营店,//detail.tmall.com/item.htm?id=572859786482&skuId=4159780775979&areaId=410500&standard=1&user_id=682299517&cat_id=2&is_b=1&rn=02bc2acba0f5d4553a6f8f891000c502,honor/荣耀荣耀8青春版标配版,679.00,25
莫拉克数码专营店,//detail.tmall.com/item.htm?id=560848921151&skuId=4153102446277&areaId=410500&user_id=431317864&cat_id=2&is_b=1&rn=02bc2acba0f5d4553a6f8f891000c502,Motorola/摩托罗拉青柚前后1600万像素骁龙八核处理器,649.00,0
旭翼数码专营店,//detail.tmall.com/item.htm?id=547635955282&skuId=4496152127801&areaId=410500&standard=1&user_id=682299517&cat_id=2&is_b=1&rn=02bc2acba0f5d4553a6f8f891000c502,Huawei/华为P10前置徕卡#3A前置指纹#3A时尚流行色,1499.00,63
莫拉克数码专营店,//detail.tmall.com/item.htm?id=608979167839&skuId=4445995791586&areaId=410500&user_id=431317864&cat_id=2&is_b=1&rn=02bc2acba0f5d4553a6f8f891000c502,360vizza4GB+32GB内存|4020mAh大电池,599.00,11
卓瓦数码专营店,//detail.tmall.com/item.htm?id=606257189933&skuId=4472833154251&areaId=410500&standard=1&user_id=686947088&cat_id=2&is_b=1&rn=02bc2acba0f5d4553a6f8f891000c502,Apple/苹果iPhone7Plus,3868.00,708
samsung佳酷专卖店,//detail.tmall.com/item.htm?id=564233694399&skuId=4147917013984&areaId=410500&standard=1&user_id=2124152022&cat_id=2&is_b=1&rn=02bc2acba0f5d4553a6f8f891000c502,Samsung/三星GALAXYS8SM-G9500全视曲面屏虹膜识别,2798.00,22
卓瓦数码专营店,//detail.tmall.com/item.htm?id=605157273489&skuId=4303657900662&areaId=410500&standard=1&user_id=686947088&cat_id=2&is_b=1&rn=02bc2acba0f5d4553a6f8f891000c502,ZTE/中兴ZTEV1000,845.00,108
启能数码专营店,//detail.tmall.com/item.htm?id=603863937802&skuId=4402213871398&areaId=410500&user_id=507957984&cat_id=2&is_b=1&rn=02bc2acba0f5d4553a6f8f891000c502,Xiaomi/小米红米S2前置1600万自拍手机智能美颜,788.00,64
飞可盈数码专营店,//detail.tmall.com/item.htm?id=564678703480&skuId=4478281311148&areaId=410500&standard=1&user_id=698360813&cat_id=2&is_b=1&rn=02bc2acba0f5d4553a6f8f891000c502,21KEM1S触屏老人手机大音量大屏老人机,599.00,187
豪置数码专营店,//detail.tmall.com/item.htm?id=602944883365&skuId=4247853188901&areaId=410500&user_id=1639805004&cat_id=2&is_b=1&rn=02bc2acba0f5d4553a6f8f891000c502,honor/荣耀荣耀play,1299.00,138
启能数码专营店,//detail.tmall.com/item.htm?id=602520162868&skuId=4391628942837&areaId=410500&user_id=507957984&cat_id=2&is_b=1&rn=02bc2acba0f5d4553a6f8f891000c502,Xiaomi/小米红米Note4X,628.00,48
华飞数码专营店,//detail.tmall.com/item.htm?id=576892574794&skuId=4079056266471&areaId=410500&standard=1&user_id=1657780380&cat_id=2&is_b=1&rn=02bc2acba0f5d4553a6f8f891000c502,360n7Pro6GB大运存/骁龙710/4000mAh电池,1199.00,30
OPPO欧曙专卖店,//detail.tmall.com/item.htm?id=576591450613&skuId=4411242582172&areaId=410500&standard=1&user_id=1715164541&cat_id=2&is_b=1&rn=02bc2acba0f5d4553a6f8f891000c502,OPPOA5全网通,899.00,87
鑫睿诚数码专营店,//detail.tmall.com/item.htm?id=613205610641&skuId=4317029681594&areaId=410500&standard=1&user_id=547686779&cat_id=2&is_b=1&rn=02bc2acba0f5d4553a6f8f891000c502,Huawei/华为HUAWEIMateXs,28998.00,981
sugar手机旗舰店,//detail.tmall.com/item.htm?id=572587231794&skuId=3814889576345&areaId=410500&user_id=2415673568&cat_id=2&is_b=1&rn=02bc2acba0f5d4553a6f8f891000c502,SugarS20,1599.00,19
sugar手机旗舰店,//detail.tmall.com/item.htm?id=559295649853&skuId=4025012537149&areaId=410500&user_id=2415673568&cat_id=2&is_b=1&rn=02bc2acba0f5d4553a6f8f891000c502,SugarC116400万像素双摄全面屏,1299.00,6
samsung佳酷专卖店,//detail.tmall.com/item.htm?id=564057204459&skuId=4319416507091&areaId=410500&user_id=2124152022&cat_id=2&is_b=1&rn=02bc2acba0f5d4553a6f8f891000c502,Samsung/三星GALAXYNote8SM-N9500全视曲面屏双镜头双防抖,4380.00,13
安卓快意数码专营店,//detail.tmall.com/item.htm?id=595413059742&skuId=4128297913041&areaId=410500&standard=1&user_id=801373903&cat_id=2&is_b=1&rn=02bc2acba0f5d4553a6f8f891000c502,Lenovo/联想Z6青春版,1199.00,40
黑莓急吼吼专卖店,//detail.tmall.com/item.htm?id=591936968269&skuId=4074616112930&areaId=410500&user_id=2200899378328&cat_id=2&is_b=1&rn=02bc2acba0f5d4553a6f8f891000c502,BlackBerry/黑莓KEYONE全键盘4G全网通4G+64G智能商务,1899.00,17
连盛数码专营店,//detail.tmall.com/item.htm?id=605723715287&skuId=4244058401973&areaId=410500&user_id=2201415337596&cat_id=2&is_b=1&rn=02bc2acba0f5d4553a6f8f891000c502,Meizu/魅族16thPlus超91%屏占比屏下指纹,1958.00,54
8848手机官方旗舰店,//detail.tmall.com/item.htm?id=575180852479&skuId=3774662448783&areaId=410500&user_id=2966545063&cat_id=2&is_b=1&rn=02bc2acba0f5d4553a6f8f891000c502,8848M5,12999.00,6
飞利浦手机官方旗舰店,//detail.tmall.com/item.htm?id=545077221332&skuId=3286518960544&areaId=410500&standard=1&user_id=2277704621&cat_id=2&is_b=1&rn=02bc2acba0f5d4553a6f8f891000c502,Philips/飞利浦X818重力感应WIFI上网双卡双待,648.00,10
天杰数码专营店,//detail.tmall.com/item.htm?id=592792264687&skuId=4262654139458&areaId=410500&standard=1&user_id=845231900&cat_id=2&is_b=1&rn=02bc2acba0f5d4553a6f8f891000c502,ZTE/中兴Z999,4980.00,3
蒙奇数码专营店,//detail.tmall.com/item.htm?id=581129203325&skuId=3877941081019&areaId=410500&standard=1&user_id=1764645385&cat_id=2&is_b=1&rn=02bc2acba0f5d4553a6f8f891000c502,Coolpad/酷派1872-A0酷玩7天猫十周年定制版,499.00,65
亿品汇数码专营,//detail.tmall.com/item.htm?id=598581230541&skuId=4467110450457&areaId=410500&standard=1&user_id=1718968945&cat_id=2&is_b=1&rn=02bc2acba0f5d4553a6f8f891000c502,Huawei/华为麦芒7大电池长续航智慧摄影,539.00,57
四川移动官方旗舰店,//detail.tmall.com/item.htm?id=609475410208&skuId=4309278013576&areaId=410500&user_id=1902393607&cat_id=2&is_b=1&rn=02bc2acba0f5d4553a6f8f891000c502,Apple/苹果AppleiPhoneXS,6310.00,4
朵唯官方旗舰店,//detail.tmall.com/item.htm?id=594234276202&skuId=4285500182265&areaId=410500&standard=1&user_id=745667243&cat_id=2&is_b=1&rn=02bc2acba0f5d4553a6f8f891000c502,DOOV/朵唯D1,649.00,51
昭华数码专营店,//detail.tmall.com/item.htm?id=598767892839&skuId=4265815572377&areaId=410500&standard=1&user_id=4163757727&cat_id=2&is_b=1&rn=02bc2acba0f5d4553a6f8f891000c502,小辣椒小辣椒7A6英寸全面屏1300万后置美颜,799.00,37
SONY手机官方旗舰店,//detail.tmall.com/item.htm?id=587296389784&skuId=4164992695536&areaId=410500&standard=1&user_id=2528566607&cat_id=2&is_b=1&rn=02bc2acba0f5d4553a6f8f891000c502,Sony/索尼I429321#3B9全高清宽屏显示屏,2799.00,25
天猫全球官方店（新加坡）,//detail.tmall.com/item.htm?id=605564295434&skuId=4412764095622&areaId=410500&standard=1&user_id=4245700460&cat_id=2&is_b=1&rn=02bc2acba0f5d4553a6f8f891000c502,【直营】vivoU3X水滴全面屏大电池拍照智能手机面部指纹双识别全网通,799.00,11
中电盈讯数码专营店,//detail.tmall.com/item.htm?id=601878324092&skuId=4494306887195&areaId=410500&standard=1&user_id=661871428&cat_id=2&is_b=1&rn=02bc2acba0f5d4553a6f8f891000c502,小辣椒红辣椒9E,769.00,953
蒙奇数码专营店,//detail.tmall.com/item.htm?id=574894979591&skuId=3932263399698&areaId=410500&standard=1&user_id=1764645385&cat_id=2&is_b=1&rn=02bc2acba0f5d4553a6f8f891000c502,Coolpad/酷派1872-A0,499.00,41
ZTE中兴官方旗舰店,//detail.tmall.com/item.htm?id=613274437376&skuId=4320602601641&areaId=410500&standard=1&user_id=2765414748&cat_id=2&is_b=1&rn=02bc2acba0f5d4553a6f8f891000c502,ZTE/中兴A2021,3398.00,222
守护宝旗舰店,//detail.tmall.com/item.htm?id=555070865703&skuId=3422994716145&areaId=410500&standard=1&user_id=3328381361&cat_id=2&is_b=1&rn=02bc2acba0f5d4553a6f8f891000c502,守护宝上海中兴F5,649.00,0
久汇数码专营店,//detail.tmall.com/item.htm?id=576792287391&skuId=4388217506746&areaId=410500&standard=1&user_id=1659902905&cat_id=2&is_b=1&rn=02bc2acba0f5d4553a6f8f891000c502,Huawei/华为nova3,1349.00,143
玩风数码专营店,//detail.tmall.com/item.htm?id=549359928897&skuId=4289671772477&areaId=410500&user_id=761647182&cat_id=2&is_b=1&rn=02bc2acba0f5d4553a6f8f891000c502,Huawei/华为P10Plus前置徕卡#3A前置指纹#3A时尚流行色,2099.00,18
卓越嘉成数码专营店,//detail.tmall.com/item.htm?id=585413133576&skuId=4132860658224&areaId=410500&standard=1&user_id=1832735086&cat_id=2&is_b=1&rn=02bc2acba0f5d4553a6f8f891000c502,OUKI/欧奇OKp9现货速发商务智能手机可当充电宝,999.00,12
乐闻数码专营店,//detail.tmall.com/item.htm?id=601672331598&skuId=4204546636275&areaId=410500&standard=1&user_id=722185837&cat_id=2&is_b=1&rn=02bc2acba0f5d4553a6f8f891000c502,小辣椒7x强劲8核4+64GB全面屏,599.00,24
浩瑜数码专营店,//detail.tmall.com/item.htm?id=589612615391&skuId=4473167006418&areaId=410500&standard=1&user_id=3994662922&cat_id=2&is_b=1&rn=02bc2acba0f5d4553a6f8f891000c502,Coolpad/酷派1831-A0,489.00,80
连盛数码专营店,//detail.tmall.com/item.htm?id=602016086473&skuId=4380565022372&areaId=410500&standard=1&user_id=2201415337596&cat_id=2&is_b=1&rn=02bc2acba0f5d4553a6f8f891000c502,Meizu/魅族魅族16sPro骁龙855Plus4800W光学防抖三摄,2898.00,9
8848手机官方旗舰店,//detail.tmall.com/item.htm?id=584431051006&skuId=4248281445476&areaId=410500&user_id=2966545063&cat_id=2&is_b=1&rn=02bc2acba0f5d4553a6f8f891000c502,8848M5锐志版,9999.00,17
黑莓急吼吼专卖店,//detail.tmall.com/item.htm?id=592316762408&skuId=4074620512851&areaId=410500&user_id=2200899378328&cat_id=2&is_b=1&rn=02bc2acba0f5d4553a6f8f891000c502,BlackBerry/黑莓KEY2QWERTY全键盘/中英文飞字/AI语音,3849.00,31
八联星数码专营店,//detail.tmall.com/item.htm?id=602009784440&skuId=4492684231082&areaId=410500&standard=1&user_id=2204125353235&cat_id=2&is_b=1&rn=02bc2acba0f5d4553a6f8f891000c502,honor/荣耀畅玩6,418.00,4
